{"schemaVersion":"1.0","appDefinitionTemplate":{"id":"/providers/Microsoft.PowerApps/apps/","type":"Microsoft.PowerApps/apps","tags":{"primaryDeviceWidth":"640","primaryDeviceHeight":"1136","sienaVersion":"20201115T162118Z-3.20104.40.0","deviceCapabilities":"","supportsPortrait":"true","supportsLandscape":"false","primaryFormFactor":"Phone","publisherVersion":"3.20104.40","minimumRequiredApiVersion":"2.2.0","hasComponent":"false","hasUnlockedComponent":"false","isUnifiedRootApp":"false"},"properties":{"appVersion":"2020-11-15T16:21:18Z","lifeCycleId":"Published","createdByClientVersion":{"major":3,"minor":20104,"build":40,"revision":0,"majorRevision":0,"minorRevision":0},"minClientVersion":{"major":3,"minor":20104,"build":40,"revision":0,"majorRevision":0,"minorRevision":0},"backgroundColor":"rgba(37, 62, 143, 1)","backgroundImageUri":"/18130442128789751777/N0b3d4dd7-4fa2-4057-a5d7-99cf85b2b461-logoSmallFile","displayName":"Mobile Education - VAX FACTS","description":"","commitMessage":"","appUris":{"documentUri":{"value":"/18130442128789751777/N8cc29170-3751-4da9-8714-8ed77ab92153-document.msapp"},"imageUris":[]},"createdTime":"0001-01-01T00:00:00Z","lastModifiedTime":"0001-01-01T00:00:00Z","sharedGroupsCount":0,"sharedUsersCount":0,"icons":{"smallIconUri":"/18130442128789751777/Nd424d698-c0af-44e8-80fe-1afb5a43ec5b-small.png","mediumIconUri":"/18130442128789751777/Nc6fc7916-1dee-4a54-90ed-0f4e70e4097a-medium.png","largeIconUri":"/18130442128789751777/Ne1dbcaec-c15b-4f1a-988c-f454e980c276-large.png","wideIconUri":"/18130442128789751777/Nf915f9c1-92dd-42e5-bec5-e269b51a12c3-wide.png"},"connectionReferences":{},"databaseReferences":{},"almMode":"Environment","performanceOptimizationEnabled":true,"canConsumeAppPass":true,"executionRestrictions":{"isTeamsOnly":false,"dataLossPreventionEvaluationResult":{"status":"Compliant","lastEvaluationDate":"2020-11-14T22:45:40.70962Z","violationDetails":[]}}},"isAppComponentLibrary":false,"appType":"ClassicCanvasApp","appComponents":[]}}